Name	Inputs	Outputs	Machine	Time
Alternate: Radio Connection Unit	4 Heat Sink, 2 High-Speed Connector, 12 Quartz Crystal	1 Radio Control Unit	Manufacturer	16
Alternate: Radio Control System	1 Crystal Oscillator, 10 Circuit Board, 60 Aluminum Casing, 30 Rubber	3 Radio Control Unit	Manufacturer	40
Radio Control Unit	32 Aluminum Casing, 1 Crystal Oscillator, 2 Computer	2 Radio Control Unit	Manufacturer	48
Alternate: Heat Exchanger	3 Aluminum Casing, 3 Rubber	1 Heat Sink	Assembler	6
Heat Sink	5 Alclad Aluminum Sheet, 3 Copper Sheet	1 Heat Sink	Assembler	8
Alternate: Silicon High-Speed Connector	60 Quickwire, 25 Silica, 2 Circuit Board	2 High-Speed Connector	Manufacturer	40
High-Speed Connector	56 Quickwire, 10 Cable, 1 Circuit Board	1 High-Speed Connector	Manufacturer	16
Alternate: Quartz Purification	24 Raw Quartz, 2 Nitric Acid	15 Quartz Crystal, 12 Dissolved Silica	Refinery	12
Alternate: Fused Quartz Crystal	25 Raw Quartz, 12 Coal	18 Quartz Crystal	Foundry	20
Alternate: Pure Quartz Crystal	9 Raw Quartz, 5 Water	7 Quartz Crystal	Refinery	8
Quartz Crystal	5 Raw Quartz	3 Quartz Crystal	Constructor	8
Alternate: Insulated Crystal Oscillator	10 Quartz Crystal, 7 Rubber, 1 AI Limiter	1 Crystal Oscillator	Manufacturer	32
Crystal Oscillator	36 Quartz Crystal, 28 Cable, 5 Reinforced Iron Plate	2 Crystal Oscillator	Manufacturer	120
Alternate: Caterium Circuit Board	10 Plastic, 30 Quickwire	7 Circuit Board	Assembler	48
Alternate: Silicon Circuit Board	11 Copper Sheet, 11 Silica	5 Circuit Board	Assembler	24
Alternate: Electrode Circuit Board	4 Rubber, 8 Petroleum Coke	1 Circuit Board	Assembler	12
Circuit Board	2 Copper Sheet, 4 Plastic	1 Circuit Board	Assembler	8
Alternate: Alclad Casing	20 Aluminum Ingot, 10 Copper Ingot	15 Aluminum Casing	Assembler	8
Aluminum Casing	3 Aluminum Ingot	2 Aluminum Casing	Constructor	2
Alternate: Recycled Rubber	6 Plastic, 6 Fuel	12 Rubber	Refinery	12
Residual Rubber	4 Polymer Resin, 4 Water	2 Rubber	Refinery	6
Rubber	3 Crude Oil	2 Rubber, 2 Heavy Oil Residue	Refinery	6
Alternate: Crystal Computer	3 Circuit Board, 1 Crystal Oscillator	2 Computer	Assembler	36
Alternate: Caterium Computer	4 Circuit Board, 14 Quickwire, 6 Rubber	1 Computer	Manufacturer	16
Computer	4 Circuit Board, 8 Cable, 16 Plastic	1 Computer	Manufacturer	24
